NoB; FPS; CoC
18;60;3
18;60;2
18;60;5
19;60;7
19;60;6
19;60;8
20;60;7
20;60;6
20;60;12
21;60;10
21;60;13
21;60;13
22;60;15
22;60;15
22;60;17
23;60;16
23;60;22
23;60;21
24;60;24
24;60;23
24;60;17
25;60;17
25;60;19
25;60;28
26;60;31
26;60;37
26;60;24
27;60;27
27;60;25
27;60;27
28;60;24
28;60;31
28;60;30
29;60;33
29;60;37
29;60;43
30;60;48
30;60;54
30;60;51
31;60;50
31;60;47
31;60;43
32;60;40
32;60;43
32;60;48
33;60;40
33;60;40
33;60;44
34;60;46
34;60;50
34;60;53
35;60;45
35;60;46
35;60;44
36;60;47
36;60;41
36;60;41
37;60;43
37;60;39
37;60;44
38;60;41
38;60;43
38;60;47
39;60;45
39;60;43
39;60;34
40;60;39
40;60;36
40;60;37
41;60;27
41;60;27
41;60;30
42;60;37
42;60;35
42;60;32
43;60;28
43;60;31
43;60;33
44;60;35
44;60;41
44;60;34
45;60;39
45;60;36
45;60;39
46;60;46
46;60;52
46;60;46
47;60;51
47;60;49
47;60;47
48;60;49
48;60;54
48;60;50
49;60;51
49;60;52
49;60;56
50;60;59
50;60;55
50;60;59
51;60;58
51;60;54
51;60;50
52;60;55
52;60;63
52;60;60
53;60;71
53;60;84
53;60;63
54;60;74
54;60;61
54;60;64
55;60;60
55;60;62
55;60;57
56;60;71
56;60;63
56;60;61
57;60;65
57;60;67
57;60;65
58;60;59
58;60;66
58;60;69
59;60;71
59;60;70
59;60;75
60;60;83
60;60;69
60;60;71
61;60;74
61;60;78
61;60;81
62;60;89
62;60;103
62;60;112
63;60;111
63;60;103
63;60;97
64;60;76
64;60;83
64;60;84
65;60;92
65;60;88
65;60;79
66;60;95
66;60;101
66;60;101
67;60;81
67;60;78
67;60;99
68;60;110
68;60;100
68;60;90
69;60;78
69;60;71
69;60;82
70;60;104
70;60;113
70;60;115
71;60;116
71;60;97
71;60;102
72;60;114
72;60;118
72;60;121
73;60;138
73;60;129
73;60;125
74;60;125
74;60;125
74;60;120
75;60;130
75;60;155
75;60;156
76;60;156
76;60;150
76;60;144
77;60;145
77;60;145
77;60;153
78;60;148
78;60;147
78;60;145
79;60;168
79;60;179
79;60;182
80;60;183
80;60;174
80;60;168
81;60;179
81;60;172
81;60;169
82;60;186
82;60;187
82;60;177
83;60;167
83;60;154
83;60;148
84;60;165
84;60;175
84;60;179
85;60;196
85;60;186
85;60;175
86;60;194
86;60;196
86;60;199
87;60;216
87;60;223
87;60;194
88;60;197
88;60;200
88;60;214
89;60;224
89;60;215
89;60;219
90;60;202
90;60;191
90;60;224
91;60;241
91;60;248
91;60;224
92;60;236
92;60;218
92;60;232
93;60;229
93;60;211
93;60;218
94;60;225
94;60;243
94;60;271
95;60;242
95;60;263
95;60;252
96;60;249
96;60;272
96;60;277
97;60;294
97;60;292
97;60;270
98;60;273
98;60;270
98;60;273
99;60;283
99;60;287
99;60;293
100;60;297
100;60;301
100;60;286
101;60;297
101;60;291
101;60;292
102;60;298
102;60;309
102;60;311
103;60;299
103;60;306
103;60;318
104;60;310
104;60;311
104;60;300
105;60;302
105;60;306
105;60;308
106;60;308
106;60;312
106;60;295
107;60;290
107;60;286
107;60;286
108;60;312
108;60;314
108;60;297
109;60;305
109;60;321
109;60;316
110;60;300
110;60;298
110;60;289
111;60;293
111;60;285
111;60;295
112;60;292
112;60;274
112;60;271
113;60;269
113;60;288
113;60;292
114;60;297
114;60;323
114;60;307
115;60;297
115;60;307
115;60;307
116;60;316
116;60;320
116;60;309
117;60;312
117;60;336
117;60;325
118;60;336
118;60;340
118;60;336
119;60;345
119;60;341
119;60;353
120;60;350
120;60;364
120;60;352
121;60;362
121;60;361
121;60;373
122;60;402
122;60;412
122;60;410
123;60;425
123;60;431
123;60;438
124;60;456
124;60;443
124;60;419
125;60;409
125;60;409
125;60;414
126;60;400
126;60;396
126;60;394
127;60;418
127;60;438
127;60;436
128;60;418
128;60;413
128;60;412
129;60;409
129;60;406
129;60;393
130;60;388
130;60;399
130;60;435
131;60;459
131;60;458
131;60;451
132;60;453
132;60;453
132;60;450
133;60;481
133;60;484
133;60;478
134;60;475
134;60;483
134;60;486
135;60;478
135;60;483
135;60;478
136;60;497
136;60;498
136;60;494
137;60;469
137;60;474
137;60;473
138;60;465
138;60;468
138;60;462
139;60;444
139;60;457
139;60;477
140;60;493
140;60;500
140;60;484
141;60;496
141;60;487
141;60;504
142;60;529
142;60;530
142;60;524
143;60;531
143;60;533
143;60;495
144;60;497
144;60;509
144;60;511
145;60;513
145;60;511
145;60;512
146;60;491
146;60;489
146;60;481
147;60;491
147;60;496
147;60;499
148;60;493
148;60;488
148;60;492
149;60;504
149;60;523
149;60;525
150;60;523
150;60;535
150;60;542
151;60;558
151;60;569
151;60;533
152;60;537
152;60;549
152;60;554
153;60;544
153;60;543
153;60;551
154;60;553
154;60;548
154;60;555
155;60;574
155;60;582
155;60;588
156;60;574
156;60;569
156;60;566
157;60;601
157;60;590
157;60;602
158;60;602
158;60;610
158;60;607
159;60;607
159;60;584
159;60;596
160;60;609
160;60;616
160;60;616
161;60;621
161;60;608
161;60;597
162;60;600
162;60;624
162;60;628
163;60;636
163;60;632
163;60;626
164;60;623
164;60;619
164;60;602
165;60;611
165;60;585
165;60;581
166;60;596
166;60;601
166;60;600
167;60;620
167;60;610
167;60;582
168;60;604
168;60;638
168;60;656
169;60;656
169;60;668
169;60;667
170;60;678
170;60;690
170;60;678
171;60;691
171;60;682
171;60;684
172;60;680
172;60;686
172;60;708
173;60;734
173;60;758
173;60;748
174;60;728
174;60;735
174;60;742
175;60;727
175;60;734
175;60;732
176;60;717
176;60;720
176;60;739
177;60;753
177;60;744
177;60;754
178;60;765
178;60;769
178;60;779
179;60;784
179;60;794
179;60;778
180;60;780
180;60;776
180;60;757
181;60;773
181;60;760
181;60;759
182;60;744
182;60;762
182;60;768
183;60;780
183;60;787
183;60;808
184;60;816
184;60;823
184;60;817
185;60;827
185;60;816
185;60;817
186;60;816
186;60;821
186;60;825
187;60;794
187;60;780
187;60;801
188;60;788
188;60;799
188;60;823
189;60;806
189;60;815
189;60;798
190;60;778
190;60;783
190;60;778
191;60;762
191;60;782
191;60;783
192;60;783
192;60;795
192;60;798
193;60;759
193;60;763
193;60;795
194;60;835
194;60;857
194;60;863
195;60;858
195;60;849
195;60;841
196;60;804
196;60;810
196;60;817
197;60;811
197;60;813
197;60;821
198;60;810
198;60;857
198;60;841
199;60;829
199;60;847
199;60;843
200;60;851
200;60;878
200;60;892
201;60;893
201;60;899
201;60;883
202;60;865
202;60;863
202;60;860
203;60;849
203;60;850
203;60;864
204;60;899
204;60;888
204;60;888
205;60;900
205;60;917
205;60;906
206;60;920
206;60;915
206;60;883
207;60;892
207;60;924
207;60;925
208;60;959
208;60;948
208;60;957
209;60;956
209;60;973
209;60;981
210;60;977
210;60;983
210;60;966
211;60;972
211;60;967
211;60;971
212;60;957
212;60;968
212;60;973
213;60;997
213;60;1046
213;60;1053
214;60;1026
214;60;1019
214;60;1003
215;60;1025
215;60;1020
215;60;1015
216;60;1011
216;60;1021
216;60;1025
217;60;1036
217;60;1029
217;60;1026
218;60;1037
218;60;1018
218;60;1014
219;60;1018
219;60;1006
219;60;1024
220;60;1020
220;60;1050
220;60;1056
221;60;1045
221;60;1050
221;59;1042
222;60;1050
222;60;1042
222;60;1034
223;60;1044
223;60;1020
223;60;1040
224;60;1039
224;60;1053
224;60;1074
225;60;1064
225;60;1068
225;59;1050
226;59;1056
226;60;1054
226;60;1060
227;60;1056
227;60;1053
227;60;1063
228;60;1069
228;60;1082
228;60;1082
229;60;1090
229;60;1104
229;60;1100
230;60;1072
230;60;1076
230;60;1084
231;60;1101
231;60;1124
231;60;1143
232;60;1129
232;60;1114
232;60;1094
233;60;1104
233;60;1122
233;60;1103
234;60;1116
234;60;1165
234;60;1169
235;60;1160
235;60;1123
235;60;1113
236;60;1130
236;60;1142
236;60;1137
237;60;1131
237;60;1154
237;60;1124
238;60;1152
238;60;1132
238;60;1160
239;60;1187
239;60;1161
239;60;1159
240;60;1163
240;60;1166
240;60;1154
241;60;1153
241;60;1170
241;60;1166
242;60;1197
242;60;1209
242;60;1205
243;60;1212
243;60;1255
243;60;1236
244;60;1229
244;60;1227
244;60;1209
245;60;1229
245;60;1213
245;60;1229
246;60;1223
246;60;1210
246;60;1208
247;60;1228
247;60;1233
247;60;1245
248;60;1238
248;60;1246
248;60;1289
249;60;1283
249;60;1246
249;60;1213
250;59;1210
250;59;1219
250;59;1233
251;59;1259
251;59;1269
251;59;1269
252;59;1298
252;59;1274
252;59;1239
253;59;1249
253;59;1264
253;59;1260
254;59;1281
254;59;1306
254;60;1294
255;60;1295
255;60;1299
255;60;1297
256;60;1293
256;60;1304
256;60;1305
257;60;1327
257;60;1333
257;60;1301
258;60;1283
258;60;1284
258;60;1285
259;60;1256
259;60;1267
259;60;1267
260;60;1289
260;60;1307
260;60;1293
261;60;1318
261;60;1312
261;60;1316
262;60;1315
262;60;1321
262;60;1348
263;60;1328
263;60;1349
263;60;1360
264;60;1336
264;60;1360
264;60;1372
265;60;1371
265;60;1365
265;60;1369
266;60;1383
266;60;1393
266;60;1397
267;60;1405
267;60;1412
267;60;1407
268;60;1402
268;60;1398
268;60;1406
269;60;1396
269;60;1395
269;60;1404
270;60;1406
270;60;1414
270;60;1441
271;60;1411
271;60;1414
271;60;1415
272;60;1423
272;60;1418
272;60;1448
273;60;1413
273;60;1399
273;60;1380
274;60;1413
274;60;1424
274;60;1431
275;60;1427
275;60;1442
275;60;1442
276;60;1423
276;60;1429
276;59;1439
277;59;1459
277;60;1434
277;60;1440
278;59;1421
278;59;1435
278;59;1456
279;59;1479
279;59;1481
279;59;1465
280;59;1484
280;59;1516
280;59;1507
281;59;1497
281;59;1494
281;59;1486
282;59;1462
282;59;1476
282;59;1490
283;59;1497
283;59;1527
283;59;1535
284;59;1491
284;59;1493
284;59;1473
285;59;1490
285;59;1492
285;59;1497
286;59;1488
286;59;1508
286;59;1512
287;59;1483
287;59;1470
287;59;1469
288;59;1501
288;59;1535
288;59;1532
289;59;1556
289;59;1580
289;59;1582
290;59;1583
290;59;1603
290;59;1600
291;59;1589
291;59;1620
291;59;1623
292;59;1623
292;59;1606
292;59;1581
293;59;1573
293;59;1561
293;59;1512
294;59;1508
294;59;1472
294;59;1483
295;59;1490
295;59;1519
295;59;1526
296;59;1526
296;59;1519
296;59;1564
297;59;1553
297;59;1544
297;59;1540
298;59;1509
298;59;1489
298;59;1485
299;59;1504
299;59;1555
299;59;1568
300;59;1574
300;59;1591
300;59;1571
301;59;1562
301;59;1589
301;59;1590
302;59;1602
302;59;1604
302;59;1610
303;59;1635
303;59;1596
303;59;1591
304;60;1622
304;60;1612
304;60;1617
305;60;1634
305;60;1663
305;60;1681
306;60;1689
306;60;1680
306;60;1648
307;60;1678
307;60;1694
307;60;1668
308;60;1661
308;60;1667
308;60;1655
309;60;1650
309;60;1671
309;60;1701
310;60;1712
310;60;1717
310;60;1729
311;60;1736
311;60;1711
311;60;1706
312;60;1695
312;60;1724
312;60;1743
313;60;1763
313;60;1779
313;60;1769
314;60;1737
314;60;1724
314;60;1696
315;60;1697
315;60;1687
315;60;1693
316;60;1705
316;60;1704
316;60;1705
317;60;1704
317;60;1711
317;60;1726
318;60;1737
318;60;1766
318;60;1771
319;60;1747
319;60;1760
319;60;1730
320;59;1725
320;59;1697
320;59;1724
321;59;1733
321;59;1734
321;59;1773
322;59;1732
322;59;1731
322;59;1749
323;59;1780
323;59;1783
323;59;1774
324;59;1804
324;59;1830
324;59;1828
325;59;1808
325;59;1795
325;59;1783
326;59;1805
326;59;1805
326;59;1788
327;59;1798
327;59;1771
327;59;1793
328;59;1828
328;59;1827
328;59;1798
329;59;1779
329;59;1785
329;59;1794
330;59;1787
330;59;1781
330;59;1778
331;59;1825
331;59;1845
331;59;1829
332;59;1845
332;59;1848
332;59;1823
333;59;1839
333;60;1826
333;60;1810
334;60;1855
334;60;1883
334;60;1898
335;60;1881
335;60;1895
335;60;1869
336;60;1888
336;60;1860
336;60;1829
337;60;1880
337;60;1877
337;60;1880
338;60;1893
338;60;1886
338;60;1880
339;60;1887
339;60;1888
339;60;1887
340;60;1900
340;60;1902
340;60;1872
341;60;1873
341;60;1823
341;60;1808
342;60;1816
342;60;1827
342;60;1838
343;60;1868
343;60;1876
343;60;1886
344;60;1897
344;60;1895
344;60;1895
345;60;1892
345;60;1904
345;60;1910
346;60;1936
346;60;1916
346;60;1925
347;60;1957
347;60;1938
347;60;1913
348;60;1932
348;60;1938
348;60;1961
349;60;1996
349;60;1985
349;60;1968
350;60;1984
350;60;1967
350;60;1977
351;60;1984
351;60;1985
351;60;1970
352;60;1975
352;60;1971
352;60;1985
353;60;1978
353;59;1988
353;59;1979
354;59;1990
354;58;2009
354;58;2009
355;58;2001
355;58;2020
355;58;1995
356;58;2000
356;58;1956
356;58;1957
357;58;1967
357;58;1994
357;58;1982
358;58;1977
358;58;1984
358;58;1981
359;58;2004
359;58;2005
359;58;2018
360;58;2044
360;58;2075
360;58;2078
361;58;2053
361;58;2038
361;58;2046
362;58;2047
362;58;2052
362;58;2014
363;58;2039
363;58;2052
363;58;2035
364;58;2033
364;58;2041
364;59;2020
365;59;2017
365;59;2004
365;58;2007
366;58;2007
366;59;2047
366;59;2066
367;59;2094
367;59;2075
367;59;2074
368;59;2083
368;58;2070
368;58;2079
369;58;2080
369;58;2104
369;58;2134
370;58;2156
370;58;2138
370;58;2135
371;58;2121
371;58;2084
371;58;2047
372;58;2071
372;58;2089
372;58;2095
373;58;2073
373;58;2061
373;58;2069
374;58;2075
374;57;2075
374;57;2078
375;56;2097
375;55;2121
375;55;2158
376;54;2165
376;54;2203
376;54;2210
377;53;2189
377;53;2148
377;53;2140
378;53;2129
378;53;2137
378;53;2165
379;53;2128
379;53;2129
379;54;2090
380;54;2115
380;53;2153
380;52;2188
381;52;2194
381;51;2179
381;51;2165
382;50;2205
382;50;2195
382;49;2188
383;49;2222
383;48;2210
383;48;2198
384;48;2208
384;48;2225
384;48;2223
385;48;2223
385;48;2192
385;48;2150
386;49;2126
386;49;2139
386;49;2137
387;50;2142
387;50;2114
387;51;2120
388;51;2128
388;52;2136
388;52;2117
389;52;2078
389;52;2106
389;52;2123
390;52;2102
390;52;2117
390;52;2108
391;52;2109
391;52;2121
391;52;2183
392;51;2198
392;51;2201
392;52;2195
393;53;2213
393;53;2170
393;54;2127
394;54;2108
394;54;2124
394;55;2118
395;56;2120
395;56;2141
395;57;2129
396;57;2145
396;57;2196
396;57;2227
397;57;2224
397;57;2258
397;57;2244
398;57;2235
398;57;2264
398;57;2277
399;57;2267
399;57;2279
399;57;2290
400;57;2299
400;57;2306
400;57;2310
401;57;2348
401;57;2341
401;57;2359
402;57;2350
402;57;2294
402;58;2302
403;58;2304
403;59;2300
403;59;2303
404;59;2300
404;59;2330
404;59;2323
405;59;2333
405;59;2329
405;59;2330
406;60;2317
406;60;2337
406;60;2360
407;60;2336
407;59;2356
407;59;2354
408;59;2369
408;59;2390
408;60;2380
409;60;2344
409;60;2351
409;60;2367
410;60;2391
410;60;2396
410;60;2380
411;60;2391
411;60;2417
411;60;2410
412;60;2447
412;60;2455
412;60;2472
413;60;2427
413;60;2438
413;60;2448
414;60;2442
414;60;2464
414;60;2487
415;60;2477
415;60;2484
415;60;2508
416;60;2512
416;60;2546
416;60;2584
417;60;2548
417;60;2547
417;60;2534
418;60;2554
418;60;2536
418;60;2561
419;60;2566
419;60;2590
419;60;2574
420;60;2612
420;60;2626
420;60;2612
421;59;2633
421;59;2634
421;59;2619
422;59;2611
422;59;2615
422;57;2592
423;57;2593
423;57;2581
423;57;2583
424;57;2569
424;57;2613
424;57;2560
425;57;2517
425;57;2523
425;57;2484
426;57;2486
426;57;2469
426;57;2433
427;57;2440
427;57;2462
427;57;2456
428;57;2455
428;57;2456
428;57;2472
429;57;2423
429;57;2436
429;57;2447
430;57;2441
430;57;2485
430;57;2472
431;57;2508
431;57;2504
431;57;2488
432;57;2499
432;58;2529
432;58;2522
433;58;2576
433;58;2594
433;58;2598
434;58;2589
434;60;2591
434;60;2584
435;60;2584
435;60;2561
435;60;2577
436;60;2592
436;60;2558
436;59;2597
437;58;2592
437;57;2627
437;57;2651
438;57;2650
438;57;2630
438;57;2634
439;57;2615
439;57;2621
439;57;2640
440;57;2603
440;57;2568
440;57;2580
441;57;2623
441;57;2633
441;57;2609
442;57;2595
442;57;2594
442;57;2587
443;57;2563
443;57;2528
443;57;2551
444;57;2590
444;57;2586
444;57;2586
445;57;2572
445;57;2580
445;57;2606
446;57;2614
446;57;2672
446;57;2685
447;57;2679
447;57;2651
447;57;2680
448;57;2701
448;57;2718
448;58;2730
449;59;2736
449;60;2722
449;60;2739
450;60;2727
450;60;2746
450;60;2784
451;60;2783
451;60;2807
451;60;2805
452;60;2832
452;60;2825
452;60;2811
453;60;2805
453;60;2788
453;60;2769
454;60;2780
454;60;2768
454;60;2767
455;60;2770
455;60;2739
455;60;2726
456;60;2711
456;60;2670
456;60;2697
457;60;2729
457;60;2728
457;60;2748
458;60;2751
458;60;2787
458;60;2830
459;60;2830
459;60;2848
459;60;2833
460;60;2847
460;60;2861
460;60;2846
461;60;2852
461;60;2863
461;60;2834
462;60;2831
462;60;2847
462;60;2865
463;60;2862
463;60;2836
463;60;2850
464;60;2836
464;60;2875
464;60;2894
465;60;2879
465;60;2877
465;60;2889
466;60;2885
466;60;2917
466;60;2903
467;60;2933
467;60;2949
467;60;2966
468;60;2970
468;60;2984
468;60;2953
469;59;2945
469;59;2919
469;59;2924
470;59;2950
470;59;2948
470;59;2962
471;59;2959
471;59;2929
471;59;2925
472;59;2948
472;59;2964
472;59;2949
473;59;2951
473;58;2958
473;56;2985
474;55;2977
474;54;3004
474;53;3009
475;52;3038
475;50;3014
475;49;3026
476;48;3064
476;48;3058
476;47;3044
477;46;3005
477;45;2870
477;44;2778
478;43;2646
478;42;2562
478;42;2332
479;41;2197
479;40;2117
479;40;1951
480;39;1877
480;39;1799
480;39;1705
481;38;1487
481;38;1347
481;38;1252
482;39;1194
482;39;1151
482;38;1106
483;38;982
483;38;961
483;39;908
484;40;867
484;40;877
484;41;854
485;42;821
485;42;822
485;42;770
486;43;762
486;43;757
486;44;736
487;44;768
487;45;812
487;46;813
488;46;799
488;47;874
488;47;925
489;48;930
489;48;989
489;49;1054
490;49;1114
490;50;1153
490;50;1162
491;50;1214
491;51;1251
491;50;1300
492;50;1327
492;50;1330
492;50;1351
493;50;1424
493;50;1451
493;50;1486
494;50;1522
494;50;1607
494;50;1671
495;50;1697
495;50;1735
495;50;1770
496;50;1765
496;51;1829
496;51;1859
497;51;1938
497;52;2038
497;52;2088
498;53;2084
498;53;2078
498;53;2137
499;53;2127
499;54;2180
499;54;2146
500;55;2141
500;55;2187
500;56;2215
501;56;2244
501;56;2351
501;56;2363
502;56;2343
502;56;2355
502;56;2385
503;56;2469
503;55;2471
503;56;2484
504;55;2523
504;55;2493
504;55;2497
505;55;2483
505;55;2439
505;55;2423
506;55;2486
506;55;2466
506;55;2468
507;55;2451
507;54;2450
507;54;2464
508;54;2461
508;54;2443
508;54;2456
509;54;2495
509;54;2558
509;53;2525
510;52;2548
510;51;2616
510;50;2713
511;48;2746
511;48;2774
511;49;2791
512;49;2772
512;49;2628
512;49;2436
513;49;2241
513;49;2141
513;49;2049
514;49;1995
514;49;1911
514;49;1847
515;49;1826
515;49;1854
515;49;1847
516;49;1838
516;49;1927
516;49;1970
517;49;2026
517;49;2113
517;49;2177
518;49;2207
518;49;2279
518;49;2383
519;49;2428
519;49;2443
519;49;2489
520;49;2527
520;49;2522
520;50;2547
521;51;2599
521;51;2636
521;52;2686
522;51;2720
522;51;2705
522;50;2725
523;49;2763
523;49;2770
523;49;2787
524;49;2793
524;49;2746
524;49;2755
525;49;2823
525;48;2839
525;48;2837
526;48;2830
526;48;2813
526;48;2833
527;48;2828
527;48;2794
527;48;2807
528;48;2832
528;48;2840
528;49;2843
529;49;2812
529;48;2826
529;48;2850
530;48;2875
530;48;2935
530;48;2942
531;49;2967
531;49;2947
531;49;2994
532;49;3002
532;49;3031
532;49;3102
533;49;3161
533;48;3190
533;48;3159
534;48;3165
534;48;3157
534;48;3102
535;48;3076
535;48;3053
535;48;3042
536;48;3035
536;47;3079
536;47;3095
537;47;3137
537;48;3088
537;48;2978
538;48;2846
538;47;2779
538;47;2729
539;47;2657
539;47;2667
539;47;2638
540;47;2594
540;48;2555
540;48;2571
541;48;2525
541;48;2511
541;48;2452
542;48;2403
542;48;2348
542;48;2406
543;50;2345
543;50;2148
543;51;2049
544;51;2008
544;51;1980
544;51;2018
545;51;2004
545;51;2048
545;52;2062
546;52;2026
546;52;2062
546;52;2128
547;54;2174
547;54;2190
547;54;2253
548;54;2270
548;54;2256
548;54;2335
549;54;2419
549;55;2476
549;55;2544
550;55;2595
550;55;2694
550;56;2746
551;56;2762
551;56;2812
551;56;2774
552;56;2785
552;56;2787
552;56;2833
553;56;2848
553;56;2880
553;56;2925
554;57;2968
554;57;2961
554;58;3003
555;57;3041
555;57;3032
555;56;3027
556;56;3103
556;57;3174
556;57;3193
557;57;3204
557;56;3186
557;55;3214
558;55;3237
558;54;3250
558;54;3249
559;53;3235
559;53;3227
559;52;3214
560;52;3229
560;51;3245
560;51;3290
561;51;3275
561;50;3267
561;50;3277
562;50;3280
562;49;3259
562;49;3285
563;49;3326
563;49;3284
563;49;3279
564;48;3324
564;48;3330
564;47;3331
565;47;3349
565;47;3358
565;48;3328
566;48;3241
566;47;3145
566;47;3158
567;47;3142
567;48;3150
567;48;3138
568;48;3109
568;47;3148
568;47;3191
569;47;3205
569;47;3224
569;47;3228
570;47;3237
570;48;3259
570;48;3220
571;49;3164
571;48;3162
571;48;3150
572;48;3097
572;48;3116
572;48;3131
573;48;3140
573;48;3166
573;48;3173
574;48;3137
574;48;3077
574;48;2975
575;48;2933
575;48;2934
575;48;2996
576;48;3021
576;48;3040
576;48;3070
577;48;3157
577;47;3212
577;47;3241
578;46;3336
578;46;3361
578;47;3376
579;47;3388
579;48;3374
579;49;3364
580;50;3307
580;49;3294
580;49;3271
581;49;3289
581;49;3324
581;49;3359
582;49;3382
582;49;3374
582;50;3389
583;50;3378
583;49;3413
583;49;3462
584;49;3514
584;49;3549
584;49;3517
585;49;3566
585;50;3592
585;50;3576
586;51;3527
586;51;3509
586;51;3472
587;51;3504
587;50;3488
587;51;3524
588;51;3544
588;51;3598
588;52;3647
589;53;3637
589;53;3609
589;53;3542
590;52;3485
590;52;3457
590;52;3515
591;52;3550
591;52;3604
591;51;3613
592;51;3673
592;51;3690
592;51;3697
593;51;3664
593;50;3624
593;49;3594
594;49;3545
594;49;3596
594;50;3607
595;50;3598
595;50;3630
595;50;3552
596;50;3544
596;50;3518
596;50;3493
597;50;3462
597;50;3420
597;49;3448
598;49;3482
598;49;3482
598;50;3526
599;50;3555
599;50;3520
599;50;3486
600;50;3481
600;50;3443
600;50;3460
601;50;3451
601;50;3472
601;50;3511
602;50;3577
602;50;3606
602;49;3659
603;49;3734
603;49;3745
603;50;3752
604;50;3749
604;50;3701
604;49;3681
605;49;3666
605;49;3706
605;49;3725
606;49;3675
606;49;3619
606;48;3577
607;48;3579
607;49;3665
607;49;3623
608;50;3623
608;50;3655
608;49;3656
609;48;3671
609;48;3706
609;48;3733
610;48;3759
610;49;3784
610;49;3818
611;48;3776
611;48;3763
611;48;3744
612;48;3743
612;49;3771
612;49;3775
613;50;3804
613;51;3821
613;51;3794
614;51;3787
614;51;3798
614;51;3772
615;52;3757
615;53;3744
615;54;3724
616;54;3743
616;54;3775
616;53;3790
617;52;3805
617;52;3836
617;51;3879
618;51;3931
618;51;3945
618;51;3917
619;51;3843
619;52;3790
619;52;3748
620;53;3704
620;53;3616
620;53;3540
621;53;3498
621;53;3547
621;54;3641
622;53;3681
622;52;3710
622;51;3719
623;51;3713
623;51;3800
623;51;3858
624;51;3888
624;51;3893
624;51;3792
625;50;3702
625;50;3621
625;49;3566
626;49;3577
626;49;3674
626;49;3660
627;48;3714
627;48;3769
627;49;3824
628;49;3852
628;50;3859
628;50;3847
629;50;3868
629;50;3850
629;50;3754
630;49;3796
630;49;3844
630;50;3799
631;50;3735
631;49;3728
631;48;3744
632;48;3773
632;48;3772
632;48;3838
633;48;3829
633;49;3811
633;50;3792
634;50;3711
634;50;3663
634;50;3614
635;49;3515
635;49;3465
635;49;3457
636;49;3475
636;49;3465
636;49;3467
637;49;3455
637;50;3462
637;50;3425
638;51;3423
638;50;3414
638;50;3393
639;50;3409
639;50;3439
639;50;3469
640;51;3484
640;50;3506
640;50;3541
641;49;3534
641;49;3563
641;49;3655
642;50;3721
642;50;3722
642;50;3739
643;50;3715
643;50;3665
643;50;3699
644;50;3819
644;50;3860
644;50;3778
645;50;3738
645;50;3682
645;50;3668
646;51;3614
646;52;3614
646;52;3564
647;51;3616
647;50;3672
647;49;3733
648;49;3790
648;49;3818
648;50;3840
649;50;3828
649;50;3788
649;49;3732
650;49;3654
650;48;3548
650;48;3584
651;49;3653
651;49;3752
651;49;3759
652;49;3772
652;49;3770
652;49;3764
653;49;3768
653;49;3791
653;50;3890
654;50;3961
654;50;3919
654;50;3909
655;49;3890
655;48;3877
655;47;3896
656;47;3967
656;47;3996
656;47;4010
657;48;4028
657;49;4041
657;50;3994
658;51;3912
658;51;3832
658;51;3776
659;51;3736
659;51;3696
659;51;3742
660;51;3806
660;51;3817
660;51;3839
661;51;3842
661;52;3899
661;53;3916
662;53;3960
662;53;4010
662;53;4029
663;54;3996
663;54;4024
663;54;4049
664;55;4058
664;56;4062
664;56;4053
665;56;4080
665;56;4073
665;55;4076
666;55;4043
666;54;4066
666;54;4145
667;54;4212
667;55;4262
667;55;4270
668;55;4274
668;55;4215
668;55;4126
669;55;3981
669;55;3805
669;55;3747
670;55;3681
670;55;3639
670;55;3693
671;55;3703
671;55;3722
671;55;3734
672;55;3804
672;55;3889
672;54;3952
673;54;4003
673;54;4070
673;54;4166
674;54;4176
674;54;4205
674;54;4198
675;54;4169
675;54;4120
675;53;4135
676;52;4131
676;51;4139
676;51;4214
677;51;4277
677;52;4312
677;53;4325
678;53;4305
678;55;4294
678;55;4256
679;54;4229
679;54;4189
679;53;4114
680;53;4114
680;53;4172
680;53;4231
681;53;4275
681;53;4278
681;53;4256
682;53;4203
682;53;4231
682;53;4217
683;53;4212
683;53;4169
683;53;4164
684;53;4166
684;54;4209
684;54;4261
685;54;4252
685;54;4229
685;54;4222
686;54;4228
686;54;4249
686;54;4263
687;54;4239
687;55;4247
687;55;4266
688;56;4261
688;57;4279
688;57;4276
689;57;4281
689;57;4311
689;57;4316
690;57;4323
690;57;4329
690;57;4357
691;57;4362
691;58;4340
691;59;4327
692;60;4344
692;60;4385
692;60;4445
693;60;4436
693;60;4425
693;60;4412
694;60;4399
694;60;4403
694;59;4421
695;58;4445
695;58;4440
695;57;4481
696;57;4524
696;57;4508
696;57;4506
697;56;4503
697;55;4439
697;54;4456
698;54;4442
698;53;4496
698;53;4549
699;53;4524
699;52;4526
699;52;4508
700;51;4511
700;50;4457
700;50;4422
701;50;4456
701;50;4386
701;50;4383
702;50;4380
702;50;4379
702;50;4372
703;50;4318
703;50;4291
703;50;4198
704;50;4131
704;50;4121
704;50;4119
705;50;4165
705;50;4234
705;50;4263
706;50;4314
706;51;4322
706;52;4363
707;52;4403
707;52;4414
707;52;4443
708;52;4436
708;52;4438
708;53;4455
709;54;4475
709;55;4493
709;56;4510
710;56;4514
710;56;4503
710;56;4520
711;57;4521
711;58;4505
711;58;4553
712;59;4523
712;59;4522
712;59;4552
713;59;4559
713;58;4591
713;58;4596
714;58;4571
714;58;4582
714;58;4557
715;58;4551
715;58;4564
715;58;4574
716;57;4602
716;57;4610
716;57;4645
717;57;4610
717;57;4622
717;57;4637
718;57;4638
718;57;4653
718;57;4638
719;57;4635
719;56;4644
719;56;4642
720;56;4689
720;56;4686
720;56;4644
721;56;4663
721;56;4657
721;56;4673
722;56;4677
722;56;4693
722;56;4700
723;56;4711
723;56;4719
723;56;4715
724;56;4698
724;56;4673
724;56;4683
725;56;4698
725;56;4703
725;56;4696
726;56;4700
726;56;4718
726;56;4724
727;56;4756
727;55;4758
727;55;4739
728;55;4750
728;55;4774
728;55;4768
729;55;4746
729;55;4745
729;55;4741
730;55;4743
730;55;4740
730;55;4728
731;55;4742
731;55;4693
731;54;4710
732;54;4725
732;54;4728
732;54;4742
733;54;4726
733;54;4725
733;54;4746
734;54;4774
734;54;4766
734;54;4776
735;54;4759
735;54;4737
735;54;4728
736;53;4755
736;53;4737
736;53;4751
737;53;4773
737;53;4770
737;53;4748
738;53;4737
738;53;4738
738;53;4741
739;53;4778
739;53;4762
739;53;4770
740;53;4771
740;53;4747
740;53;4781
741;53;4745
741;53;4739
741;53;4727
742;53;4735
742;53;4736
742;53;4721
743;53;4729
743;53;4708
743;53;4741
744;53;4741
744;53;4780
744;53;4779
745;53;4811
745;53;4835
745;53;4841
746;53;4812
746;53;4827
746;53;4846
747;52;4829
747;50;4826
747;49;4835
748;48;4874
748;48;4927
748;48;4921
749;48;4902
749;48;4859
749;48;4716
750;48;4532
750;48;4339
750;48;4216
751;48;4091
751;48;4025
751;48;3975
752;48;3959
752;48;3935
752;48;3978
753;48;4046
753;48;4104
753;48;4193
754;48;4282
754;48;4400
754;48;4455
755;48;4561
755;48;4604
755;48;4696
756;48;4669
756;48;4728
756;48;4737
757;48;4714
757;50;4746
757;51;4757
758;52;4771
758;52;4764
758;52;4772
759;51;4715
759;50;4769
759;49;4804
760;48;4831
760;48;4871
760;48;4929
761;48;4931
761;48;4924
761;48;4880
762;48;4684
762;47;4524
762;47;4305
763;47;4086
763;47;3896
763;47;3795
764;47;3681
764;47;3693
764;47;3611
765;47;3476
765;47;3375
765;47;3329
766;47;3176
766;47;3088
766;46;2922
767;46;2766
767;45;2664
767;45;2500
768;45;2400
768;45;2335
768;45;2212
769;45;2232
769;46;2283
769;47;2281
770;47;2194
770;46;2219
770;45;2242
771;45;2279
771;45;2345
771;45;2356
772;45;2470
772;44;2626
772;44;2748
773;44;2786
773;44;2825
773;44;2793
774;44;2804
774;44;2807
774;44;2832
775;44;2794
775;44;2717
775;44;2670
776;44;2629
776;44;2584
776;44;2507
777;44;2366
777;45;2329
777;45;2277
778;45;2267
778;45;2210
778;45;2245
779;45;2274
779;45;2203
779;45;2262
780;45;2240
780;46;2272
780;47;2339
781;47;2440
781;47;2472
781;47;2507
782;47;2622
782;47;2674
782;47;2711
783;47;2787
783;47;2897
783;47;2962
784;47;3006
784;47;3060
784;47;3161
785;47;3254
785;47;3397
785;46;3547
786;46;3651
786;46;3772
786;46;3809
787;46;3884
787;46;3886
787;46;3890
788;46;4021
788;46;3944
788;46;3895
789;46;3901
789;46;3941
789;46;3943
790;46;3952
790;46;3994
790;46;4022
791;45;4145
791;45;4187
791;45;4289
792;45;4322
792;45;4334
792;45;4453
793;45;4543
793;45;4567
793;45;4627
794;45;4734
794;45;4715
794;45;4737
795;45;4727
795;45;4761
795;45;4769
796;45;4714
796;45;4735
796;45;4754
797;44;4807
797;44;4828
797;44;4791
798;44;4716
798;44;4793
798;44;4734
799;44;4698
799;44;4610
799;44;4608
800;44;4513
800;44;4443
800;44;4396
801;44;4289
801;44;4206
801;44;4043
802;44;4023
802;43;3911
802;43;3827
803;43;3679
803;43;3536
803;43;3428
804;43;3380
804;43;3268
804;43;3125
805;43;3154
805;43;2995
805;43;3049
806;43;3088
806;43;2973
806;43;2965
807;43;2914
807;43;2916
807;43;2863
808;43;2901
808;43;2964
808;43;2943
809;43;2991
809;43;3056
809;43;2978
810;43;2942
810;43;2821
810;42;2786
811;42;2924
811;42;2998
811;42;3072
812;42;3090
812;42;3116
812;42;3146
813;42;3124
813;42;3188
813;42;3154
814;42;3105
814;42;3088
814;42;3094
815;42;3015
815;42;3029
815;42;3068
816;42;3074
816;42;3177
816;42;3309
817;42;3366
817;42;3452
817;42;3493
818;42;3576
818;42;3646
818;42;3726
819;42;3736
819;42;3781
819;42;3805
820;42;3778
820;42;3862
820;42;3918
821;42;4004
821;42;4008
821;42;4026
822;42;4011
822;42;4056
822;42;4137
823;42;4061
823;42;4075
823;41;4047
824;41;3971
824;41;3938
824;41;3930
825;41;3935
825;40;3852
825;39;3830
826;39;3911
826;39;3854
826;39;3834
827;39;3724
827;39;3591
827;39;3338
828;39;3131
828;39;2914
828;39;2668
829;39;2482
829;39;2339
829;39;2147
830;39;1990
830;39;1980
830;39;1825
831;38;1735
831;37;1785
831;36;1718
832;36;1634
832;36;1635
832;36;1567
833;36;1533
833;36;1527
833;36;1509
834;36;1436
834;36;1432
834;36;1477
835;36;1488
835;37;1558
835;38;1593
836;38;1602
836;38;1605
836;38;1712
837;38;1788
837;38;1941
837;38;2074
838;38;2245
838;38;2332
838;38;2570
839;38;2791
839;38;2886
839;38;2978
840;38;3153
840;38;3293
840;38;3236
841;39;3101
841;40;3188
841;40;3029
842;40;2971
842;40;2853
842;40;2915
843;40;2766
843;40;2597
843;40;2491
844;40;2428
844;40;2224
844;40;2119
845;40;2125
845;40;2049
845;40;2033
846;40;1874
846;40;1864
846;40;1781
847;40;1704
847;39;1712
847;39;1829
848;39;1752
848;39;1707
848;39;1797
849;39;1826
849;39;1887
849;39;1905
850;39;1978
850;39;2017
850;39;2100
851;39;2173
851;39;2151
851;39;2278
852;39;2453
852;39;2583
852;39;2712
853;38;2895
853;38;2985
853;38;3060
854;38;3225
854;38;3250
854;38;3401
855;38;3283
855;38;3095
855;37;2952
856;36;2858
856;36;2811
856;36;2755
857;36;2647
857;36;2689
857;36;2565
858;36;2522
858;36;2419
858;36;2344
859;36;2268
859;36;2095
859;36;2063
860;36;2002
860;36;1881
860;36;1850
861;35;1808
861;35;1689
861;35;1776
862;34;1686
862;34;1877
862;34;1965
863;34;1962
863;33;2038
863;32;2065
864;32;2144
864;32;2268
864;32;2304
865;32;2408
865;32;2274
865;33;2279
866;33;2267
866;34;2206
866;34;2041
867;34;2180
867;34;2174
867;34;2044
868;34;2077
868;34;2133
868;34;2147
869;34;2246
869;34;2211
869;34;2337
870;34;2399
870;34;2383
870;34;2406
871;34;2569
871;34;2676
871;34;2713
872;35;2800
872;35;2918
872;34;3098
873;33;3336
873;34;3491
873;35;3523
874;35;3429
874;35;3294
874;35;3130
875;35;2951
875;35;2684
875;35;2538
876;35;2391
876;35;2213
876;35;2023
877;35;1935
877;35;1784
877;35;1691
878;35;1661
878;35;1567
878;35;1575
879;35;1534
879;34;1551
879;34;1492
880;34;1492
880;34;1552
880;34;1611
881;34;1588
881;34;1616
881;34;1654
882;34;1655
882;34;1693
882;35;1764
883;36;1767
883;36;1714
883;36;1770
884;36;1806
884;36;1884
884;36;1898
885;36;1993
885;36;2091
885;35;2210
886;35;2491
886;35;2570
886;35;2691
887;35;2780
887;35;2666
887;35;2766
888;34;2802
888;33;2882
888;33;2869
889;33;2894
889;33;2718
889;32;2617
890;31;2543
890;31;2594
890;31;2637
891;31;2481
891;31;2359
891;31;2352
892;31;2227
892;31;2095
892;31;1972
893;31;1942
893;31;1724
893;31;1717
894;31;1677
894;31;1634
894;31;1460
895;31;1509
895;31;1427
895;31;1429
896;32;1461
896;32;1384
896;32;1352
897;32;1294
897;32;1361
897;32;1381
898;32;1290
898;33;1264
898;33;1296
899;33;1329
899;33;1380
899;34;1460
900;34;1493
900;35;1548
900;35;1592
901;35;1671
901;35;1752
901;35;1767
902;35;1805
902;35;1871
902;35;2065
903;34;2267
903;35;2435
903;35;2492
904;35;2562
904;35;2777
904;35;3030
905;34;3259
905;34;3465
905;34;3549
906;34;3496
906;34;3435
906;34;3336
907;34;3124
907;34;2923
907;34;2646
908;34;2514
908;34;2375
908;34;2179
909;34;2081
909;34;1916
909;34;1827
910;34;1817
910;34;1744
910;34;1695
911;34;1616
911;34;1614
911;34;1501
912;34;1440
912;34;1471
912;34;1441
913;34;1451
913;34;1514
913;34;1506
914;34;1523
914;34;1505
914;34;1539
915;34;1455
915;34;1592
915;34;1634
916;34;1733
916;34;1670
916;34;1699
917;34;1685
917;34;1597
917;34;1622
918;34;1686
918;34;1643
918;34;1697
919;34;1811
919;34;2008
919;34;2154
920;34;2233
920;34;2426
920;34;2587
921;34;2760
921;34;2844
921;34;2887
922;34;2916
922;34;2913
922;34;2927
923;34;2844
923;34;2886
923;34;2861
924;34;2742
924;34;2715
924;34;2712
925;34;2443
925;34;2343
925;34;2227
926;34;2089
926;34;2064
926;34;1868
927;34;1793
927;34;1696
927;34;1636
928;34;1553
928;33;1460
928;33;1443
929;33;1439
929;33;1537
929;33;1581
930;33;1544
930;33;1444
930;33;1413
931;33;1404
931;33;1488
931;33;1621
932;33;1591
932;33;1600
932;33;1675
933;33;1758
933;33;1825
933;33;1934
934;33;2021
934;33;2094
934;33;2195
935;33;2217
935;33;2217
935;33;2301
936;33;2373
936;33;2359
936;33;2376
937;33;2488
937;33;2528
937;33;2491
938;33;2488
938;33;2748
938;33;2614
939;33;2767
939;33;2771
939;33;2831
940;33;2975
940;33;3038
940;33;3000
941;33;2836
941;33;2808
941;33;2663
942;33;2439
942;33;2455
942;33;2333
943;33;2108
943;33;2017
943;33;1962
944;33;1944
944;33;1870
944;33;1811
945;33;1951
945;32;1880
945;32;1841
946;32;1936
946;32;1903
946;32;1909
947;32;1865
947;31;1872
947;31;1940
948;31;1861
948;31;1930
948;31;1825
949;31;1850
949;31;1845
949;31;1931
950;31;1968
950;31;2090
950;31;2173
951;31;2203
951;31;2426
951;31;2419
952;31;2433
952;31;2497
952;31;2612
953;31;2731
953;31;2858
953;31;2971
954;31;3106
954;31;3046
954;31;2998
955;31;3052
955;31;2953
955;32;